name,location,category,description,year_established,significance,image_url,latitude,longitude
Taj Mahal,Agra - Uttar Pradesh,UNESCO World Heritage,An ivory-white marble mausoleum commissioned by Mughal emperor Shah Jahan in memory of his wife Mumtaz Mahal.,1653,Finest example of Mughal architecture; inscribed as UNESCO World Heritage Site in 1983.,https://upload.wikimedia.org/wikipedia/commons/thumb/1/1d/Taj_Mahal_%28Edited%29.jpeg/1200px-Taj_Mahal_%28Edited%29.jpeg,27.1751,78.0422
Qutb Minar,Mehrauli - New Delhi,UNESCO World Heritage,A soaring 73-metre minaret of red sandstone built by Qutb ud-Din Aibak. Tallest brick minaret in the world.,1193,Earliest surviving example of Indo-Islamic architecture; UNESCO World Heritage Site since 1993.,https://upload.wikimedia.org/wikipedia/commons/thumb/6/6f/Qutab_Minar_mian.jpg/800px-Qutab_Minar_mian.jpg,28.5245,77.1855
Red Fort,Old Delhi - New Delhi,UNESCO World Heritage,A massive red sandstone fort built by Emperor Shah Jahan as the residence of Mughal emperors. Now a symbol of India's independence.,1648,Principal residence of Mughal emperors for 200 years; UNESCO World Heritage Site since 2007.,https://upload.wikimedia.org/wikipedia/commons/thumb/9/9e/Red_Fort_in_New_Delhi_03-2016.jpg/1200px-Red_Fort_in_New_Delhi_03-2016.jpg,28.6562,77.2410
Humayun's Tomb,Nizamuddin East - New Delhi,UNESCO World Heritage,The tomb of Mughal Emperor Humayun built by his widow Bega Begum. First garden-tomb on the Indian subcontinent.,1572,Architectural precursor to the Taj Mahal; UNESCO World Heritage Site since 1993.,https://upload.wikimedia.org/wikipedia/commons/thumb/a/af/Humayun%27s_Tomb_-_main_structure.jpg/1200px-Humayun%27s_Tomb_-_main_structure.jpg,28.5933,77.2507
Ajanta Caves,Aurangabad - Maharashtra,UNESCO World Heritage,Thirty rock-cut Buddhist cave monuments dating from the 2nd century BCE containing masterpiece paintings and sculptures.,200,Outstanding examples of Buddhist religious art; UNESCO World Heritage Site since 1983.,https://upload.wikimedia.org/wikipedia/commons/thumb/5/58/Ajanta_cave9.jpg/1200px-Ajanta_cave9.jpg,20.5519,75.7033
Ellora Caves,Chhatrapati Sambhajinagar - Maharashtra,UNESCO World Heritage,A complex of 34 monasteries and temples of Buddhist, Hindu and Jain faiths excavated over five centuries from solid rock.,600,Unique coexistence of three great religions carved from rock; UNESCO World Heritage Site since 1983.,https://upload.wikimedia.org/wikipedia/commons/thumb/8/8c/Ellora_cave_16_2010.jpg/1200px-Ellora_cave_16_2010.jpg,20.0258,75.1780
Konark Sun Temple,Puri - Odisha,UNESCO World Heritage,A 13th-century sun temple dedicated to the Hindu sun god Surya, designed as a colossal chariot with 24 stone wheels.,1250,One of the greatest surviving examples of Orissan temple architecture; UNESCO World Heritage Site since 1984.,https://upload.wikimedia.org/wikipedia/commons/thumb/6/63/Konarka_Temple.jpg/1200px-Konarka_Temple.jpg,19.8876,86.0945
Mahabodhi Temple,Bodh Gaya - Bihar,UNESCO World Heritage,One of the four holy sites related to the life of Buddha. The present temple dates from the 5th-6th centuries CE.,250,Site where Gautama Buddha attained enlightenment under the Bodhi Tree; UNESCO World Heritage Site since 2002.,https://upload.wikimedia.org/wikipedia/commons/thumb/a/a0/Mahabodhi_Temple_in_Bodh_Gaya.jpg/800px-Mahabodhi_Temple_in_Bodh_Gaya.jpg,24.6961,84.9910
Group of Monuments at Hampi,Ballari - Karnataka,UNESCO World Heritage,Last capital of the Vijayanagara Empire. An extraordinary profusion of temples and palace ruins across a dramatic boulder landscape.,1336,Best preserved ruins of the last great Hindu Kingdom in India; UNESCO World Heritage Site since 1986.,https://upload.wikimedia.org/wikipedia/commons/thumb/9/9c/Hampi_virupaksha_temple.jpg/1200px-Hampi_virupaksha_temple.jpg,15.3350,76.4600
Khajuraho Group of Monuments,Chhatarpur - Madhya Pradesh,UNESCO World Heritage,Temples built during the Chandela dynasty renowned for their nagara-style architecture and intricate sculptures.,950,Unique artistic achievement representing the perfect harmony of medieval Indian architecture and sculpture; UNESCO World Heritage Site since 1986.,https://upload.wikimedia.org/wikipedia/commons/thumb/3/36/Kandariya_Mahadeva_temple_Khajuraho.jpg/1200px-Kandariya_Mahadeva_temple_Khajuraho.jpg,24.8318,79.9199
Fatehpur Sikri,Agra - Uttar Pradesh,UNESCO World Heritage,Built by Emperor Akbar as the Mughal capital. Abandoned after only 14 years due to water scarcity. Blends Indian and Persian architectural styles.,1571,Outstanding example of Mughal architecture at its zenith; UNESCO World Heritage Site since 1986.,https://upload.wikimedia.org/wikipedia/commons/thumb/a/a3/Fatehpur_Sikri_Buland_Darwaza_2010.jpg/1200px-Fatehpur_Sikri_Buland_Darwaza_2010.jpg,27.0940,77.6693
Sanchi Stupa,Raisen - Madhya Pradesh,UNESCO World Heritage,The Great Stupa at Sanchi is the oldest stone structure in India, originally commissioned by Emperor Ashoka in the 3rd century BCE.,300,Best preserved group of Buddhist monuments in India; UNESCO World Heritage Site since 1989.,https://upload.wikimedia.org/wikipedia/commons/thumb/9/95/Sanchi_Stupa.jpg/1200px-Sanchi_Stupa.jpg,23.4791,77.7396
Chhatrapati Shivaji Maharaj Terminus,Mumbai - Maharashtra,UNESCO World Heritage,A Victorian Gothic revival railway station built during the British colonial era. Headquarters of Central Railways and still a functioning station.,1888,Outstanding example of Victorian Gothic Revival blended with Indian architecture; UNESCO World Heritage Site since 2004.,https://upload.wikimedia.org/wikipedia/commons/thumb/9/96/Mumbai_CST.jpg/1200px-Mumbai_CST.jpg,18.9398,72.8355
Jantar Mantar,Jaipur - Rajasthan,UNESCO World Heritage,An astronomical observation site comprising 19 major geometric devices for measuring time, predicting eclipses and tracking stars.,1734,Largest and best preserved of India's historic observatories; UNESCO World Heritage Site since 2010.,https://upload.wikimedia.org/wikipedia/commons/thumb/5/52/Jantar_Mantar%2C_Jaipur.jpg/1200px-Jantar_Mantar%2C_Jaipur.jpg,26.9249,75.8237
